,City,Cloudiness,Country,Date,Humidity,Lat,Lng,Max Temp,Wind Speed
0,San Patricio,38,PY,1566779168,56,-26.98,-56.83,70.28,7.85
1,Jamestown,0,AU,1566779166,65,-33.21,138.6,48.32,3.91
2,Qianguo,100,CN,1566779343,83,45.12,124.86,68.84,11.83
3,Saint-Pierre,0,FR,1566779343,68,48.95,4.24,66.2,4.7
4,Hambantota,90,LK,1566779212,100,6.12,81.12,75.2,3.36
5,Rikitea,51,PF,1566779187,62,-23.12,-134.97,69.56,11.14
6,Kloulklubed,75,PW,1566779343,88,7.04,134.26,77.0,14.99
7,Arraial do Cabo,88,BR,1566779344,69,-22.97,-42.02,68.3,6.6
8,Ust-Tarka,15,RU,1566779344,70,55.56,75.71,52.64,8.3
9,Bethel,90,US,1566779344,62,60.79,-161.76,55.4,5.82
10,Saint-Joseph,0,FR,1566779344,73,43.56,6.97,77.0,3.36
11,Nakama,75,JP,1566779344,73,33.82,130.71,75.2,3.36
12,Ribeira Grande,71,PT,1566779204,84,38.52,-28.7,70.64,7.11
13,Zhigansk,0,RU,1566779345,53,66.77,123.37,62.0,2.84
14,Upernavik,97,GL,1566779217,82,72.79,-56.15,42.56,1.3
15,Carnarvon,2,ZA,1566779345,28,-30.97,22.13,49.4,5.46
16,Bredasdorp,66,ZA,1566779169,76,-34.53,20.04,55.4,6.93
17,Hithadhoo,100,MV,1566779157,74,-0.6,73.08,81.98,9.15
18,Lebu,75,ET,1566779174,93,8.96,38.73,57.2,6.93
19,Puerto Leguizamo,98,CO,1566779345,82,-0.19,-74.78,75.32,1.5
20,Hilo,75,US,1566779346,55,19.71,-155.08,87.8,9.17
21,Kapit,98,MY,1566779346,95,2.02,112.94,74.78,2.1
22,Alofi,97,NU,1566779244,73,-19.06,-169.92,75.2,19.46
23,Puerto Carreno,20,CO,1566779324,74,6.19,-67.49,84.2,2.17
24,Codrington,40,AU,1566779346,60,-28.95,153.24,69.8,8.05
25,Port Alfred,40,ZA,1566779154,89,-33.59,26.89,62.01,1.99
26,Hobart,20,AU,1566779183,54,-42.88,147.33,55.0,12.75
27,Inhambane,0,MZ,1566779347,94,-23.87,35.38,60.92,5.17
28,Nara,20,JP,1566779347,65,34.68,135.8,82.0,2.24
29,Jijiga,49,ET,1566779347,88,9.35,42.8,58.58,15.12
30,Zaigrayevo,90,RU,1566779347,76,51.83,108.27,57.2,8.95
31,Punta Arenas,20,CL,1566779347,75,-53.16,-70.91,42.8,11.41
32,Kemin,0,KG,1566779347,37,42.79,75.7,59.84,5.12
33,Katsuura,75,JP,1566779348,78,33.93,134.5,80.01,4.7
34,Busselton,0,AU,1566779348,55,-33.64,115.35,53.01,11.03
35,Mogadishu,98,SO,1566779348,85,2.04,45.34,75.14,13.78
36,Severo-Kurilsk,100,RU,1566779348,96,50.68,156.12,47.96,19.89
37,Seondha,75,IN,1566779348,94,26.15,78.78,78.8,4.7
38,Chernushka,74,RU,1566779349,91,56.5,56.08,49.04,15.39
39,Belozerskoye,100,RU,1566779349,78,55.82,65.58,56.42,7.74
40,Santa Marta,40,CO,1566779349,70,11.24,-74.21,86.0,5.82
41,Bukama,2,CD,1566779349,44,-9.2,25.85,70.1,2.26
42,Callaguip,20,PH,1566779349,83,18.07,120.49,82.4,4.7
43,Shirokiy,22,RU,1566779350,87,53.87,39.17,44.01,4.07
44,Ciudad Bolivar,0,VE,1566779350,72,8.12,-63.55,80.54,6.53
45,Bluff,0,AU,1566779350,53,-23.58,149.07,70.1,1.86
46,Borogontsy,21,RU,1566779350,62,62.67,131.17,61.82,3.89
47,Hermanus,100,ZA,1566779350,99,-34.42,19.24,54.0,1.01
48,Ponta Delgada,75,PT,1566779350,94,37.73,-25.67,71.01,6.93
49,Mingaora,15,PK,1566779351,80,34.78,72.36,63.62,4.7
50,Belmonte,69,PT,1566779351,69,40.36,-7.35,73.99,2.98
51,Langsa,100,ID,1566779351,84,4.47,97.97,66.5,3.18
52,Laguna,40,BZ,1566779240,79,16.17,-88.94,84.2,4.7
53,Mahebourg,40,MU,1566779155,68,-20.41,57.7,69.8,10.29
54,Atuona,0,PF,1566779351,69,-9.8,-139.03,78.92,15.97
55,Saint-Philippe,1,CA,1566779352,64,45.36,-73.48,73.0,2.24
56,Mataura,77,NZ,1566779352,72,-46.19,168.86,48.99,15.99
57,Jumla,99,NP,1566779352,92,29.28,82.18,50.12,3.42
58,Novikovo,0,RU,1566779352,86,51.15,37.89,56.06,7.36
59,Bandarbeyla,27,SO,1566779225,62,9.49,50.81,78.02,26.96
60,Butaritari,81,KI,1566779352,74,3.07,172.79,84.86,13.62
61,Geraldton,75,CA,1566779353,55,49.72,-86.95,66.2,14.99
62,East London,5,ZA,1566779353,86,-33.02,27.91,54.44,6.08
63,Haines Junction,65,CA,1566779353,47,60.75,-137.51,53.54,7.72
64,Avarua,55,CK,1566779353,78,-21.21,-159.78,77.0,6.93
65,Ushuaia,40,AR,1566779353,60,-54.81,-68.31,42.8,12.75
66,Sobolevo,48,RU,1566779353,88,54.43,31.9,53.36,4.32
67,Kieta,79,PG,1566779190,88,-6.22,155.63,78.02,9.15
68,Yakeshi,100,CN,1566779354,98,49.28,120.73,53.9,5.73
69,Komsomolskiy,100,RU,1566779354,74,67.55,63.78,42.38,2.84
70,Barrow,100,AR,1566779354,83,-38.31,-60.23,54.26,4.85
71,Georgetown,40,GY,1566779150,78,6.8,-58.16,82.4,6.93
72,Carutapera,2,BR,1566779108,82,-1.2,-46.02,77.84,7.07
73,Nagtipunan,10,PH,1566779354,85,16.22,121.6,79.1,1.92
74,Comodoro Rivadavia,0,AR,1566779354,61,-45.87,-67.48,48.2,16.11
75,Gorontalo,100,ID,1566779355,71,0.54,123.06,78.92,0.72
76,Kodiak,90,US,1566779355,93,39.95,-94.76,68.0,12.75
77,Tambo,0,PE,1566779355,70,-12.95,-74.02,71.6,5.82
78,Paamiut,0,GL,1566779264,77,61.99,-49.67,43.1,30.76
79,Savannah Bight,0,HN,1566779355,80,16.45,-85.85,83.78,22.5
80,Alyangula,0,AU,1566779356,69,-13.85,136.42,77.0,6.93
81,Shimoda,75,JP,1566779356,83,34.7,138.93,80.6,14.99
82,Flinders,90,AU,1566779356,100,-34.58,150.85,57.0,8.05
83,Norman Wells,75,CA,1566779356,39,65.28,-126.83,64.4,3.36
84,Torbay,20,CA,1566779188,67,47.66,-52.73,57.2,13.87
85,Chivay,0,PE,1566779356,25,-15.64,-71.6,38.24,5.32
86,Amot,16,NO,1566779357,92,59.57,7.99,55.99,2.89
87,Snasa,100,NO,1566779357,94,64.25,12.38,48.32,1.9
88,Lagoa,0,PT,1566779357,83,37.14,-8.45,71.6,5.82
89,Isangel,75,VU,1566779357,64,-19.55,169.27,75.2,17.22
90,Souillac,0,FR,1566779357,77,45.6,-0.6,69.01,3.36
91,Kapaa,20,US,1566779155,59,22.08,-159.32,89.6,18.34
92,Kutum,98,SD,1566779358,74,14.2,24.66,71.9,7.49
93,Mabaruma,45,GY,1566779358,98,8.2,-59.78,74.06,1.9
94,Labuhan,63,ID,1566779358,94,-2.54,115.51,75.14,1.28
95,Ancud,90,CL,1566779177,93,-41.87,-73.83,48.2,11.41
96,Vao,52,EE,1566779358,65,59.1,26.19,55.88,7.4
97,Vaini,40,IN,1566779358,100,15.34,74.49,68.0,4.7
98,Castro,90,CL,1566779171,93,-42.48,-73.76,48.2,11.41
99,Tuatapere,77,NZ,1566779158,72,-46.13,167.69,48.99,15.99
100,Clyde River,1,CA,1566779359,81,70.47,-68.59,44.6,12.75
101,Snezhnogorsk,75,RU,1566779359,93,69.19,33.23,48.2,6.71
102,Redcar,0,GB,1566779359,77,54.62,-1.06,68.0,2.24
103,Albany,20,US,1566779359,59,42.65,-73.75,68.0,3.47
104,Dicabisagan,9,PH,1566779359,87,17.08,122.42,79.28,2.44
105,Chuy,100,UY,1566779359,88,-33.69,-53.46,55.52,15.57
106,Parasia,100,IN,1566779360,99,22.19,78.76,71.0,1.43
107,Poum,1,MK,1566779360,63,41.28,20.71,60.74,3.96
108,Ust-Tsilma,54,RU,1566779296,96,65.44,52.15,34.64,3.27
109,Bathsheba,75,BB,1566779265,83,13.22,-59.52,82.4,9.17
110,Luwuk,99,ID,1566779360,83,-0.95,122.79,66.14,4.09
111,Narsaq,0,GL,1566779175,52,60.91,-46.05,46.4,4.7
112,Bundaberg,0,AU,1566779096,49,-24.87,152.35,79.0,4.7
113,Camopi,54,GF,1566779361,94,3.17,-52.33,72.8,4.56
114,Sorland,100,NO,1566779361,88,67.67,12.69,53.18,24.25
115,Victoria,75,BN,1566779361,74,5.28,115.24,82.4,3.36
116,Langarud,75,IR,1566779361,94,37.2,50.15,75.2,2.13
117,Vestmannaeyjar,99,IS,1566779362,85,63.44,-20.27,53.0,24.25
118,Marzuq,44,YE,1566779362,36,14.4,46.47,79.64,4.74
119,Komatipoort,0,MZ,1566779362,61,-25.43,31.96,60.01,5.17
120,Morondava,0,MG,1566779362,56,-20.3,44.28,72.26,7.23
121,Marystown,0,CA,1566779362,71,47.17,-55.16,55.88,10.22
122,Sur,26,OM,1566779362,51,22.57,59.53,83.96,2.33
123,Saskylakh,70,RU,1566779363,81,71.97,114.09,54.98,6.26
124,Hudson Bay,100,CA,1566779363,93,52.86,-102.4,59.66,5.61
125,Wawa,88,NG,1566779363,96,9.9,4.41,71.18,2.59
126,Guaraniacu,0,BR,1566779363,66,-25.1,-52.88,58.76,4.54
127,Lufilufi,75,WS,1566779363,88,-13.87,-171.6,80.6,6.93
128,Tambun,40,ID,1566779363,78,-6.26,107.07,80.01,3.36
129,Kruisfontein,67,ZA,1566779364,90,-34.0,24.73,55.34,9.22
130,Ostrovnoy,100,RU,1566779364,88,68.05,39.51,44.36,17.58
131,Puerto Ayora,40,EC,1566779176,69,-0.74,-90.35,75.2,18.34
132,Khatanga,93,RU,1566779159,60,71.98,102.47,60.02,4.7
133,Sitka,4,US,1566779364,60,37.17,-99.65,90.0,8.01
134,Seymchan,7,RU,1566779364,59,62.93,152.39,60.56,6.51
135,Longyearbyen,75,NO,1566779364,93,78.22,15.63,39.2,4.05
136,Tiksi,87,RU,1566779365,85,71.64,128.87,48.86,3.8
137,Hasaki,75,JP,1566779365,69,35.73,140.83,80.6,8.05
138,Cape Town,75,ZA,1566779349,71,-33.93,18.42,57.99,4.7
139,Turayf,0,SA,1566779305,47,31.68,38.65,78.8,9.17
140,Provideniya,75,RU,1566779365,81,64.42,-173.23,53.6,8.95
141,Warrington,0,GB,1566779141,88,53.39,-2.59,63.0,4.7
142,Cidreira,20,BR,1566779226,79,-30.17,-50.22,61.1,21.88
143,Whitehorse,75,CA,1566779365,54,60.72,-135.06,57.2,2.24
144,Charlotte,40,US,1566779282,94,35.23,-80.84,73.4,4.0
145,Conde,72,BR,1566779366,98,-11.81,-37.61,67.22,3.15
146,Curuca,84,BR,1566779366,80,-2.52,-61.06,77.84,2.71
147,Lazaro Cardenas,75,MX,1566779366,27,28.39,-105.62,90.0,5.82
148,Pahrump,1,US,1566779366,6,36.21,-115.98,102.2,17.22
149,Husavik,89,CA,1566779367,94,50.56,-96.99,66.0,3.0
150,Thompson,75,CA,1566779155,88,55.74,-97.86,62.6,4.7
151,Bilma,43,NE,1566779367,44,18.69,12.92,88.64,4.23
152,Nikolskoye,0,RU,1566779367,63,59.7,30.79,60.8,11.18
153,Muli,24,CN,1566779367,74,28.08,109.56,77.48,2.46
154,Zhangye,54,CN,1566779367,52,38.94,100.46,62.72,5.95
155,Beloha,0,MG,1566779367,73,-25.17,45.06,63.08,5.14
156,Honiara,75,SB,1566779368,94,-9.43,159.96,78.8,6.93
157,Puri,99,ID,1566779368,68,-7.54,112.45,76.22,14.29
158,Airai,24,TL,1566779162,42,-8.93,125.41,77.48,1.72
159,Axim,79,GH,1566779368,91,4.87,-2.24,75.32,8.75
160,Ossora,100,RU,1566779368,79,59.24,163.07,50.66,4.65
161,Abbotsford,1,CA,1566779199,46,49.05,-122.33,75.0,5.82
162,Sinnamary,89,GF,1566779369,75,5.38,-52.96,82.7,19.3
163,Tautira,20,PF,1566779369,62,-17.73,-149.15,84.2,8.05
164,Lompoc,90,US,1566779369,88,34.64,-120.46,87.01,8.05
165,Tupelo,90,US,1566779240,94,34.26,-88.7,73.4,11.41
166,Sudislavl,41,RU,1566779369,95,57.88,41.71,46.52,3.0
167,Pa Sang,40,TH,1566779369,94,18.53,98.94,77.0,3.6
168,Havoysund,75,NO,1566779370,93,71.0,24.66,50.0,8.05
169,Half Moon Bay,20,US,1566779370,53,37.46,-122.43,84.99,18.34
170,Kuybysheve,0,UA,1566779370,46,47.36,36.65,67.58,8.3
171,Rosa Zarate,59,EC,1566779370,88,0.33,-79.47,73.34,3.62
172,Yulara,0,AU,1566779370,33,-25.24,130.99,57.2,19.46
173,Lukaya,75,UG,1566779370,82,-0.15,31.87,68.0,3.36
174,Bodden Town,20,KY,1566779371,79,19.28,-81.25,86.0,6.93
175,Riwaka,45,NZ,1566779371,82,-41.08,173.0,57.0,11.99
176,Nanortalik,0,GL,1566779371,81,60.14,-45.24,41.84,3.38
177,Sept-Iles,20,CA,1566779110,55,50.2,-66.38,64.4,4.7
178,Hvide Sande,2,DK,1566779371,88,56.01,8.13,62.6,4.7
179,Port Elizabeth,1,US,1566779371,68,39.31,-74.98,71.01,9.17
180,Constitucion,90,MX,1566779219,56,23.99,-104.67,73.99,5.82
181,Richards Bay,0,ZA,1566779372,72,-28.77,32.06,71.54,15.68
182,Troy,20,US,1566779194,59,42.73,-73.69,68.0,3.47
183,Kavaratti,66,IN,1566779169,78,10.57,72.64,82.16,17.38
184,Aklavik,90,CA,1566779372,50,68.22,-135.01,57.2,5.82
185,Lamu,97,CN,1566779372,93,35.77,102.37,55.7,6.15
186,Nome,1,US,1566779372,83,30.04,-94.42,82.99,4.7
187,Road Town,40,VG,1566779105,74,18.42,-64.62,84.2,9.17
188,Kendari,29,ID,1566779373,67,-3.99,122.52,76.22,2.28
189,Kaitangata,100,NZ,1566779177,75,-46.28,169.85,46.0,10.0
190,Chokurdakh,93,RU,1566779373,80,70.62,147.9,51.2,9.73
191,Bhag,0,PK,1566779373,40,29.04,67.82,91.88,2.35
192,Talnakh,40,RU,1566779373,87,69.49,88.39,55.4,6.71
193,Mansa,75,IN,1566779373,88,23.43,72.66,80.6,5.82
194,Sao Filipe,17,CV,1566779374,83,14.9,-24.5,79.28,9.66
195,Saint George,0,GR,1566779374,68,39.45,22.34,73.4,1.92
196,Udachnyy,0,RU,1566779374,58,66.42,112.4,57.2,4.47
197,Winchester,0,GB,1566779374,93,51.06,-1.31,64.0,2.24
198,Imeni Babushkina,37,RU,1566779374,96,59.76,43.13,43.46,4.07
199,Belaya Gora,99,RU,1566779375,64,68.54,146.19,58.4,10.49
200,Epinal,0,FR,1566779187,67,48.18,6.45,69.8,2.24
201,Bakchar,38,RU,1566779375,93,57.02,82.07,49.4,4.59
202,Ledyard,1,US,1566779375,72,41.44,-72.02,66.2,5.82
203,Benito Juarez,75,CU,1566779375,88,22.29,-79.63,73.4,4.7
204,Yatou,75,CM,1566779375,100,3.63,9.81,75.2,10.33
205,Fez,0,MA,1566779375,73,34.03,-5.02,73.4,9.17
206,Otradnoye,0,RU,1566779376,63,59.77,30.8,60.8,11.18
207,Esperance,0,AU,1566779376,87,-33.86,121.89,46.4,9.17
208,Campina Verde,0,BR,1566779377,35,-19.54,-49.49,72.62,4.88
209,Cap Malheureux,40,MU,1566779377,68,-19.98,57.61,69.8,10.29
210,Montepuez,0,MZ,1566779377,78,-13.13,39.0,64.88,2.64
211,Deputatskiy,82,RU,1566779377,86,69.3,139.9,48.5,3.31
212,Vardo,1,US,1566779377,49,39.62,-77.74,71.6,5.82
213,Zurrieq,0,MT,1566779378,73,35.83,14.47,78.01,3.36
214,Port Hedland,0,AU,1566779378,72,-20.31,118.58,62.6,3.36
215,Coahuayana,75,MX,1566779378,83,18.62,-100.35,81.8,1.39
216,Khorixas,0,NA,1566779378,19,-20.37,14.96,61.28,6.69
217,Canora,75,CA,1566779379,93,51.64,-102.43,62.6,6.93
218,Kudahuvadhoo,94,MV,1566779379,77,2.67,72.89,82.34,13.18
219,Goksun,0,TR,1566779379,69,38.02,36.5,77.0,5.82
220,Grootfontein,0,NA,1566779379,49,-19.56,18.1,42.74,3.06
221,Havelock,90,US,1566779370,65,34.88,-76.9,77.0,18.34
222,Pitimbu,0,BR,1566779379,94,-7.47,-34.81,73.4,4.7
223,Flin Flon,75,CA,1566779379,60,54.77,-101.88,69.8,6.93
224,Touros,0,BR,1566779380,88,-5.2,-35.46,75.2,6.93
225,New Norfolk,20,AU,1566779163,54,-42.78,147.06,55.0,12.75
226,Miri,100,NG,1566779380,92,10.31,9.75,69.38,1.92
227,Standerton,0,ZA,1566779380,67,-26.94,29.24,45.0,2.39
228,Port Hueneme,20,US,1566779380,78,34.15,-119.2,95.0,11.41
229,Cadillac,1,US,1566779380,56,44.25,-85.4,71.6,6.93
230,Jaguarao,100,BR,1566779130,88,-32.57,-53.38,54.8,9.01
231,Cherskiy,100,RU,1566779381,74,68.75,161.3,61.28,9.33
232,Tarata,40,PE,1566779381,82,-17.47,-70.03,55.4,5.82
233,Klyuchi,49,RU,1566779381,55,52.25,79.17,59.12,7.02
234,Namibe,46,AO,1566779381,83,-15.19,12.15,67.04,2.46
235,Thessalon,1,CA,1566779382,72,46.26,-83.55,69.8,4.7
236,Baba Ana,0,RO,1566779382,83,44.97,26.46,75.0,3.36
237,Zelenogorskiy,0,RU,1566779382,87,55.03,87.0,51.8,2.24
238,Mnogovershinnyy,12,RU,1566779382,75,53.94,139.92,56.78,7.0
239,Chapais,1,CA,1566779382,52,49.78,-74.86,68.0,4.7
240,Yellowknife,20,CA,1566779235,45,62.45,-114.38,66.2,6.93
241,Abu Samrah,0,SY,1566779382,66,35.3,37.18,73.7,10.38
242,Strangnas,56,SE,1566779383,100,59.38,17.03,61.0,5.57
243,Lucea,75,JM,1566779383,70,18.44,-78.17,86.0,4.7
244,Ambilobe,21,MG,1566779383,75,-13.19,49.05,65.24,5.53
245,Tomatlan,62,MX,1566779383,74,19.93,-105.25,86.48,14.47
246,Ponta do Sol,0,BR,1566779383,52,-20.63,-46.0,63.98,6.13
247,Mulanje,50,MW,1566779383,84,-16.03,35.5,61.64,0.87
248,Salalah,75,OM,1566779384,88,17.01,54.1,78.8,3.36
249,Berlevag,100,NO,1566779384,90,70.86,29.09,46.88,20.15
250,Port Moresby,75,PG,1566779384,74,-9.47,147.16,80.6,17.22
251,Namatanai,68,PG,1566779384,75,-3.66,152.44,81.8,9.51
252,Pangnirtung,83,CA,1566779384,59,66.15,-65.72,45.08,3.69
253,Mar del Plata,46,AR,1566779122,58,-46.43,-67.52,44.18,17.25
254,Vila Velha,20,BR,1566779085,74,-3.71,-38.6,80.6,14.99
255,George Town,75,MY,1566779385,94,5.42,100.33,78.8,5.82
256,Ucluelet,5,CA,1566779190,72,48.94,-125.55,73.99,9.17
257,Qaanaaq,100,GL,1566779385,82,77.48,-69.36,32.48,2.06
258,Mazagao,40,BR,1566779385,89,-0.12,-51.29,84.2,11.41
259,Viedma,49,AR,1566779385,90,-40.81,-62.99,50.84,8.3
260,Olovyannaya,100,RU,1566779385,77,50.94,115.59,55.7,12.17
261,Alugan,92,PH,1566779385,80,12.22,125.48,81.8,4.54
262,Bellevue,1,DE,1566779386,100,50.05,10.19,70.0,3.09
263,Broken Hill,0,AU,1566779386,57,-31.97,141.45,50.0,9.17
264,Cockburn Town,40,TC,1566779239,83,21.46,-71.14,84.2,16.11
265,Pacific Grove,1,US,1566779386,64,36.62,-121.92,93.0,11.41
266,Oranjemund,0,ZA,1566779386,91,-28.55,16.43,56.96,13.47
267,Faanui,2,PF,1566779386,66,-16.48,-151.75,78.74,7.23
268,Boyolangu,100,ID,1566779387,82,-8.09,111.9,70.28,5.61
269,Betafo,0,MG,1566779387,71,-19.84,46.86,51.38,4.65
270,Tuktoyaktuk,90,CA,1566779387,87,69.44,-133.03,46.4,8.05
271,Senno,3,RU,1566779387,93,57.76,27.95,48.2,2.24
272,Alihe,11,CN,1566779387,90,50.57,123.73,60.92,2.75
273,Kushima,90,JP,1566779388,88,31.5,131.29,77.0,2.24
274,Vila,0,IT,1566779388,83,45.18,8.4,75.99,5.82
275,Maragogi,12,BR,1566779388,95,-9.01,-35.22,68.84,4.03
276,Thinadhoo,100,MV,1566779388,77,0.53,72.93,81.8,11.16
277,Tasiilaq,98,GL,1566779388,70,65.61,-37.64,44.6,12.75
278,Atasu,44,KZ,1566779388,40,48.68,71.64,67.22,8.5
279,Grand Gaube,40,MU,1566779389,68,-20.01,57.66,69.8,10.29
280,Verkh-Usugli,99,RU,1566779389,88,52.7,115.17,51.38,2.95
281,Atar,54,MR,1566779389,46,20.52,-13.05,83.24,14.94
282,Rosarito,75,CO,1566779389,41,4.91,-75.23,78.8,6.85
283,Bambous Virieux,40,MU,1566779389,68,-20.34,57.76,69.8,10.29
284,Breyten,0,ZA,1566779389,27,-26.3,29.99,44.9,2.98
285,Banda Aceh,100,ID,1566779358,75,5.56,95.32,83.06,18.5
286,Port Blair,100,IN,1566779390,83,11.67,92.75,81.08,25.05
287,Margate,20,AU,1566779224,54,-43.03,147.26,55.0,12.75
288,Rio Gallegos,0,AR,1566779200,64,-51.62,-69.22,41.0,6.93
289,Rundu,0,NA,1566779390,24,-17.91,19.77,55.4,2.24
290,Eyrarbakki,75,IS,1566779390,81,63.86,-21.15,53.6,12.75
291,Uyaan,99,PH,1566779391,76,7.86,124.04,76.58,2.26
292,Bossangoa,92,CF,1566779391,96,6.5,17.45,67.76,2.53
293,Moerai,45,PF,1566779391,82,-22.43,-151.33,75.68,8.43
294,Shingu,0,JP,1566779391,65,33.72,135.99,78.8,5.82
295,Noumea,90,NC,1566779374,53,-22.28,166.46,73.4,3.36
296,Peniche,40,PT,1566779391,100,39.36,-9.38,64.99,3.36
297,Pascagoula,1,US,1566779185,74,30.37,-88.56,82.4,4.43
298,Merzig,0,DE,1566779392,64,49.44,6.64,71.6,1.12
299,Lavrentiya,35,RU,1566779188,49,65.58,-170.99,61.28,7.05
300,Nazareno,75,MX,1566779392,32,25.4,-103.42,93.2,10.29
301,La Union,1,GT,1566779392,89,14.97,-89.29,74.06,3.96
302,Lata,100,IN,1566779392,91,30.78,78.62,43.1,3.27
303,Kalemie,92,CD,1566779392,59,-5.95,29.2,67.04,2.15
304,Saravena,39,CO,1566779393,95,6.96,-71.88,70.28,2.84
305,Cabo San Lucas,20,MX,1566779264,58,22.89,-109.91,91.99,18.34
306,Kahului,40,US,1566779360,49,20.89,-156.47,89.6,25.28
307,Guerrero Negro,75,MX,1566779393,78,27.97,-114.04,76.22,14.38
308,Saldanha,89,PT,1566779393,78,41.42,-6.55,65.96,10.69
309,Henties Bay,0,NA,1566779393,82,-22.12,14.28,62.01,12.59
310,Vestmanna,100,FO,1566779393,100,62.16,-7.17,51.8,17.22
311,Rawson,53,AR,1566779393,46,-43.3,-65.11,50.84,14.65
312,Kaputa,49,ZM,1566779394,50,-8.47,29.66,69.74,0.51
313,Benguela,99,AO,1566779394,87,-12.58,13.4,68.84,2.55
314,Qinhuangdao,67,CN,1566779394,73,39.94,119.59,74.96,2.8
315,Bilibino,98,RU,1566779394,67,68.06,166.44,58.4,10.22
316,Alta Floresta,74,BR,1566779394,51,-9.87,-56.08,79.64,0.76
317,Beringovskiy,0,RU,1566779395,55,63.05,179.32,65.6,2.55
318,Ambon,0,FR,1566779395,87,47.55,-2.56,64.99,12.75
319,Abengourou,96,CI,1566779395,99,6.73,-3.5,70.46,4.0
320,Qaqortoq,0,GL,1566779181,52,60.72,-46.03,46.4,4.7
321,Ocos,90,GT,1566779395,94,14.51,-92.19,80.6,4.7
322,Dauphin,75,CA,1566779181,73,51.15,-100.04,71.6,6.93
323,Paso de los Toros,100,UY,1566779395,94,-32.81,-56.52,58.76,13.67
324,Taoudenni,58,ML,1566779396,29,22.68,-3.98,95.84,13.31
325,Samsun,40,TR,1566779396,88,41.29,36.33,72.0,5.82
326,Ustynivka,0,UA,1566779396,42,47.96,32.54,66.2,6.71
327,Mana,97,NG,1566779396,88,13.03,5.27,74.24,7.49
328,Artyom,75,RU,1566779396,88,43.36,132.19,68.0,2.24
329,Gat,98,SN,1566779397,78,14.69,-16.54,82.4,10.02
330,Victor Harbor,20,AU,1566779193,66,-35.55,138.62,55.0,3.36
331,Lishan,77,CN,1566779397,88,24.07,102.75,64.34,1.52
332,Mehamn,100,NO,1566779397,89,71.03,27.85,45.44,6.24
333,Izhma,80,RU,1566779397,87,65.01,53.91,42.56,4.81
334,Vanavara,100,RU,1566779398,99,60.35,102.28,54.08,1.95
335,Rosetta,20,EG,1566779398,78,31.4,30.42,80.6,5.82
336,Havre-Saint-Pierre,40,CA,1566779398,87,50.23,-63.6,55.4,10.29
337,Neiafu,75,TO,1566779398,69,-18.65,-173.98,75.2,9.17
338,Nikolsk,28,RU,1566779398,96,59.53,45.45,40.04,3.49
339,Menongue,0,AO,1566779398,25,-14.66,17.68,50.66,3.58
340,Santa Cruz,21,BR,1566779229,83,-6.22,-36.02,69.38,17.49
341,Tiszasuly,0,HU,1566779399,88,47.38,20.4,69.8,4.7
342,Northam,0,AU,1566779399,66,-31.65,116.67,51.8,12.75
343,Zaragoza,40,SV,1566779399,74,13.59,-89.29,86.0,2.24
344,Nisia Floresta,40,BR,1566779399,78,-6.09,-35.21,77.0,9.17
345,Palmer,20,AU,1566779399,66,-34.85,139.16,55.0,3.36
346,Koudougou,38,BF,1566779400,89,12.25,-2.37,73.7,7.31
347,Ilulissat,40,GL,1566779160,60,69.22,-51.1,39.2,2.24
348,Waipawa,16,NZ,1566779400,67,-39.94,176.59,55.99,18.01
349,Meliki,20,GR,1566779400,50,40.52,22.4,80.01,3.36
350,Osimo,0,IT,1566779400,94,43.49,13.48,72.0,2.24
351,Launceston,0,AU,1566779400,70,-41.43,147.14,53.01,10.29
352,Lokachi,21,UA,1566779401,68,50.74,24.65,62.01,6.91
353,Atikokan,54,CA,1566779403,60,48.76,-91.62,67.4,8.05
354,Saint Anthony,1,US,1566779404,15,43.97,-111.68,82.4,19.46
355,Pevek,100,RU,1566779405,73,69.7,170.27,46.16,2.19
356,Rorvik,100,NO,1566779405,87,64.86,11.24,54.0,1.01
357,Kokkola,0,FI,1566779405,87,63.84,23.13,62.01,6.93
358,Shinuhayr,33,AM,1566779407,66,39.43,46.32,51.92,3.71
359,Itaituba,94,BR,1566779411,81,-4.26,-55.99,75.14,4.47
360,Abnub,0,EG,1566779412,58,27.27,31.15,82.4,9.86
361,Vitim,95,RU,1566779412,86,59.44,112.57,54.08,1.77
362,Mandera,27,ET,1566779414,63,3.94,41.86,76.58,14.83
363,Homer,75,US,1566779414,51,59.64,-151.54,68.0,4.7
364,Vrangel,5,RU,1566779414,69,42.73,133.08,70.82,0.49
365,Kikwit,100,CD,1566779414,71,-5.04,18.82,74.78,6.85
366,Buraydah,0,SA,1566779414,32,26.33,43.97,80.6,2.24
367,Kawalu,96,ID,1566779415,85,-7.38,108.21,67.94,3.53
368,Karratha,0,AU,1566779415,40,-20.74,116.85,68.3,1.52
369,Roald,100,NO,1566779415,93,62.58,6.12,66.99,6.93
370,Didsbury,90,CA,1566779415,81,51.66,-114.14,57.0,12.75
371,Ordu,40,TR,1566779416,94,40.98,37.88,73.4,4.25
372,Muros,0,ES,1566779260,82,42.77,-9.06,68.0,2.24
373,Parnamirim,40,BR,1566779416,78,-5.92,-35.27,77.0,9.17
374,Kumluca,30,TR,1566779416,52,36.37,30.29,66.5,6.67
375,Yar-Sale,34,RU,1566779416,86,66.83,70.83,38.96,10.02
376,Aden,3,YE,1566779416,55,12.79,45.03,88.82,6.15
377,Atami,75,JP,1566779417,83,35.09,139.06,84.0,14.99
378,Kunming,67,CN,1566779417,88,25.04,102.71,64.4,0.67
379,Syracuse,1,US,1566779370,87,43.05,-76.15,69.8,6.35
380,Nyurba,37,RU,1566779417,62,63.29,118.35,60.74,2.24
381,Fairbanks,40,US,1566779236,42,64.84,-147.72,63.0,12.75
382,Aykhal,0,RU,1566779418,58,65.95,111.51,57.2,4.47
383,Sao Felix do Xingu,90,BR,1566779272,45,-6.64,-51.99,79.1,1.9
384,Omboue,41,GA,1566779418,92,-1.57,9.26,72.98,10.2
385,Colac,27,AU,1566779419,98,-38.34,143.59,51.01,1.01
386,Moron,62,HT,1566779419,72,18.56,-74.26,82.88,2.55
387,Kirakira,100,SB,1566779419,86,-10.46,161.92,80.0,6.08
388,Mokhsogollokh,0,RU,1566779419,72,61.4,128.95,57.68,8.7
389,Pawai,93,IN,1566779419,93,24.27,80.17,75.32,4.07
390,Dikson,100,RU,1566779419,97,73.51,80.55,41.66,7.9
391,Mopti,0,ML,1566779420,94,14.49,-4.19,77.0,9.17
392,Kaseda,90,JP,1566779420,88,31.42,130.32,77.0,2.24
393,Bireun,100,ID,1566779420,78,5.2,96.7,67.76,4.43
394,Klaksvik,100,FO,1566779420,100,62.23,-6.59,51.8,17.22
395,Baijiantan,0,CN,1566779421,28,45.63,85.18,65.42,3.83
396,Sebring,90,US,1566779421,70,27.5,-81.44,89.6,6.93
397,Brezno,0,SK,1566779421,93,48.81,19.64,64.0,3.24
398,Fort-Shevchenko,100,KZ,1566779421,70,44.51,50.26,78.2,24.29
399,Biak,99,ID,1566779421,83,-0.91,122.88,66.14,4.09
400,Poroshkovo,29,UA,1566779421,83,48.67,22.75,62.72,3.27
401,Alenquer,0,BR,1566779422,88,-1.95,-54.74,78.8,1.12
402,Drayton Valley,27,CA,1566779422,56,53.22,-114.98,63.98,9.84
403,Tias,20,ES,1566779422,88,28.96,-13.65,73.4,16.11
404,Vikhorevka,90,RU,1566779422,93,56.12,101.17,57.2,6.71
405,Eenhana,0,NA,1566779422,15,-17.48,16.34,56.24,6.58
406,Shaunavon,67,CA,1566779423,45,49.65,-108.41,66.86,11.12
407,Ampanihy,0,MG,1566779423,82,-24.69,44.75,62.0,4.79
408,Zavitinsk,2,RU,1566779423,84,50.11,129.44,65.24,6.4
409,Yaan,96,NG,1566779292,87,7.38,8.57,72.62,3.04
410,Portland,1,US,1566778809,67,43.66,-70.25,60.01,4.38
411,Timbuktu,99,ML,1566779423,59,16.77,-3.01,85.22,10.8
412,Moindou,90,NC,1566779423,53,-21.69,165.68,73.4,3.36
413,Wajid,17,SO,1566779424,77,3.81,43.25,73.7,16.37
414,Port Macquarie,90,AU,1566779424,68,-31.43,152.91,72.0,3.36
415,Los Llanos de Aridane,0,ES,1566779230,88,28.66,-17.92,73.4,16.11
416,Maiduguri,97,NG,1566779424,76,11.84,13.15,76.04,7.52
417,Ramos Arizpe,40,MX,1566779424,42,25.54,-100.95,82.4,9.17
418,Bafq,0,IR,1566779424,17,31.6,55.4,62.18,5.1
419,Ankazoabo,0,MG,1566779425,66,-22.29,44.51,58.94,0.78
420,Puquio,0,PE,1566779425,38,-14.69,-74.12,44.9,4.07
421,Hutchinson,1,US,1566779324,69,38.06,-97.93,81.0,6.93
422,Araouane,100,ML,1566779425,50,18.9,-3.53,86.84,10.29
423,Ziarat,0,PK,1566779425,43,30.38,67.73,63.62,3.27
424,Izumo,20,JP,1566779425,69,35.37,132.75,77.0,3.36
425,Dhidhdhoo,100,MV,1566779425,77,6.88,73.1,81.98,14.9
426,Den Helder,24,NL,1566779426,100,52.96,4.76,71.01,3.36
427,Puchov,0,SK,1566779426,93,49.12,18.33,66.99,4.7
428,Hami,91,CN,1566779426,18,42.84,93.51,74.42,13.91
429,Cochrane,100,CL,1566779426,89,-47.25,-72.57,31.76,7.07
430,Oranjestad,20,AW,1566779427,79,12.52,-70.03,84.2,23.04
431,Fevik,0,NO,1566779427,100,58.38,8.68,61.0,4.7
432,Samarai,100,PG,1566779427,95,-10.62,150.67,72.98,6.13
433,Molo,9,KE,1566779427,86,-0.25,35.73,50.3,5.08
434,Mahbubabad,96,IN,1566779427,89,17.62,80.02,74.78,4.12
435,Ha Giang,90,VN,1566779428,89,22.83,104.99,67.58,3.47
436,Fillan,75,NO,1566779428,93,63.6,8.98,60.01,8.05
437,Varzea da Palma,0,BR,1566779428,39,-17.6,-44.73,68.3,3.33
438,Monroe,1,US,1566779326,64,41.91,-83.4,72.0,6.93
439,Ballina,0,IE,1566779282,92,54.11,-9.15,59.0,3.0
440,Asuncion Nochixtlan,83,MX,1566779428,77,17.47,-97.23,65.78,1.41
441,Johi,20,PK,1566779429,51,26.69,67.61,92.78,9.55
442,Caiaponia,0,BR,1566779237,24,-16.96,-51.81,74.06,4.88
443,Leningradskiy,89,RU,1566779429,75,69.38,178.42,49.4,10.38
444,Prado,28,CO,1566779429,32,3.75,-74.93,87.38,10.65
445,Lukovetskiy,40,RU,1566779429,100,64.29,41.92,46.4,6.71
446,Lucapa,50,AO,1566779430,42,-8.42,20.74,66.68,0.72
447,Zyryanka,93,RU,1566779430,61,65.73,150.89,62.0,10.51
448,Morro Bay,90,US,1566779430,93,35.37,-120.85,97.0,3.36
449,Sao Joao da Barra,0,BR,1566779430,82,-21.64,-41.05,68.0,6.93
450,Surab,0,PK,1566779431,22,28.49,66.26,69.74,2.98
451,Soyo,100,AO,1566779431,87,-6.13,12.37,71.9,5.19
452,Balabac,50,PH,1566779431,78,7.99,117.06,83.06,8.21
453,Bucerias,90,MX,1566779431,66,20.76,-105.33,89.6,11.41
454,Puerto El Triunfo,20,SV,1566779431,74,13.27,-88.55,86.0,5.82
455,Malindi,15,KE,1566779432,94,-3.22,40.12,71.54,6.73
456,Hede,48,SE,1566779432,93,60.45,15.49,59.0,3.36
457,Dingle,53,PH,1566779432,78,11.0,122.67,79.64,1.77
458,Coihaique,0,CL,1566779432,75,-45.58,-72.07,42.8,3.89
459,La Presa,75,MX,1566779432,64,20.18,-101.18,69.8,5.82
460,Conceicao do Mato Dentro,9,BR,1566779433,96,-19.04,-43.42,59.3,3.22
461,Anadyr,0,RU,1566779433,67,64.73,177.51,60.8,4.47
462,Mangrol,75,IN,1566779433,94,25.33,76.51,77.0,3.49
463,Hamilton,20,CA,1566779230,82,43.26,-79.87,71.6,10.29
464,Marsa Matruh,0,EG,1566779433,88,31.35,27.25,77.0,1.86
465,Joshimath,100,IN,1566779433,97,30.57,79.57,52.46,2.1
466,Mwanza,20,TZ,1566779434,44,-2.52,32.9,75.2,11.41
467,San Antonio,90,CL,1566779303,100,-33.58,-71.61,51.8,3.36
468,Kropotkin,0,RU,1566779434,45,45.43,40.58,77.0,5.55
469,Shenjiamen,48,CN,1566779434,86,29.96,122.3,83.6,15.55
470,Dalnerechensk,2,RU,1566779434,84,45.93,133.72,63.44,4.03
471,Turukhansk,100,RU,1566779435,92,65.8,87.96,51.38,12.53
472,San Vicente,75,EC,1566779435,88,-0.59,-80.41,69.8,9.17
473,Riyadh,0,SA,1566779315,25,24.63,46.72,84.2,3.36
474,Chincha Alta,90,PE,1566779435,77,-13.42,-76.13,60.8,13.87
475,Alice Springs,0,AU,1566779435,32,-23.7,133.88,55.4,11.41
476,Marathon,0,CA,1566779435,65,48.72,-86.38,61.28,6.51
477,Brae,100,GB,1566779436,82,60.4,-1.35,60.8,26.4
478,Safranbolu,0,TR,1566779436,56,41.25,32.69,65.96,3.18
479,Thayetmyo,77,MM,1566779436,96,19.32,95.18,73.88,2.53
480,Akita,40,JP,1566779436,68,39.72,140.1,71.6,3.36
481,Adrar,0,DZ,1566779436,15,27.87,-0.29,96.8,8.05
482,Luderitz,0,NA,1566779436,76,-26.65,15.16,55.4,13.87
483,Nizhniy Tsasuchey,63,RU,1566779437,73,50.52,115.13,56.06,12.37
484,Liwale,6,TZ,1566779437,96,-9.8,37.92,62.0,6.87
485,Roebourne,0,AU,1566779437,39,-20.77,117.15,69.56,1.34
486,Charleston,90,US,1566779194,78,32.79,-79.94,75.99,10.29
487,Chernyshevskiy,4,RU,1566779437,66,63.01,112.47,58.22,0.92
488,Zeya,13,RU,1566779437,61,53.74,127.27,66.86,3.18
489,Harlingen,31,NL,1566779437,88,53.18,5.41,71.6,2.24
490,Biltine,83,TD,1566779438,83,14.53,20.93,75.68,16.87
491,Muravlenko,97,RU,1566779438,88,63.79,74.5,43.82,10.98
492,Kavieng,76,PG,1566779438,74,-2.57,150.8,83.96,11.36
493,Shenkursk,64,RU,1566779438,93,62.11,42.91,45.44,4.54
494,Dunedin,100,NZ,1566779221,84,-45.87,170.5,46.0,18.01
495,Batemans Bay,56,AU,1566779439,56,-35.71,150.18,55.99,1.01
496,Tekeli,0,KZ,1566779439,35,44.86,78.76,62.72,5.14
497,Faya,0,SA,1566779439,52,18.39,42.45,68.0,1.57
498,Hassleholm,9,SE,1566779439,100,56.16,13.77,64.4,3.36
499,Santiago,10,PH,1566779408,85,16.69,121.54,79.1,1.92
500,Port Hardy,20,CA,1566779440,68,50.7,-127.42,64.4,13.87
501,Mount Gambier,32,AU,1566779440,87,-37.83,140.78,51.8,8.05
502,Peachtree City,90,US,1566779280,88,33.4,-84.6,75.99,5.64
503,Chitungwiza,0,ZW,1566779440,86,-18.01,31.07,53.72,4.14
504,Humaita,0,AR,1566779440,52,-24.93,-65.37,66.2,4.7
505,La Ronge,75,CA,1566779271,64,55.1,-105.3,69.8,8.05
506,Zhanakorgan,0,KZ,1566779441,29,43.91,67.25,68.3,8.48
507,Aranos,0,NA,1566779441,13,-24.14,19.11,56.24,10.74
508,Miramar,0,CR,1566779327,78,10.09,-84.73,71.6,3.36
509,Naze,94,NG,1566779441,92,5.43,7.07,73.88,3.06
510,High Level,90,CA,1566779441,72,58.52,-117.13,62.6,6.93
511,Tshikapa,75,CD,1566779442,73,-6.42,20.79,72.62,4.88
512,Qandala,0,SO,1566779442,52,11.47,49.87,89.0,22.64
513,Mackay,75,CA,1566779442,51,53.65,-115.58,62.6,2.24
514,Cordoba,0,AR,1566779442,35,-27.78,-67.24,60.02,3.4
515,Mehriz,0,IR,1566779442,15,31.58,54.44,71.6,2.24
516,Saint-Francois,0,FR,1566779442,82,46.42,3.91,62.6,2.35
517,Vagur,100,FO,1566779443,91,61.47,-6.81,52.28,24.18
518,Vanderbijlpark,0,ZA,1566779443,43,-26.71,27.84,53.01,4.59
519,Nelson Bay,75,AU,1566779443,72,-32.72,152.14,66.0,4.7
520,Zhaozhou,97,CN,1566779443,84,45.71,125.27,67.58,11.14
521,Jiexiu,98,CN,1566779443,81,37.02,111.92,68.48,2.08
522,Vung Tau,100,VN,1566779443,86,10.35,107.08,79.28,9.13
523,Mishelevka,85,RU,1566779444,96,52.86,103.17,51.2,9.98
524,Borovoy,29,RU,1566779444,92,63.23,52.89,40.22,3.18
525,Jiangyou,100,CN,1566779444,84,31.78,104.73,70.1,2.15
526,Amahai,98,ID,1566779444,83,-3.31,129.0,75.5,10.25
527,Santa Rosalia,0,IT,1566779444,69,38.07,13.27,79.0,3.36
528,Port-Gentil,40,GA,1566779445,88,-0.72,8.78,77.0,10.29
529,Camacha,75,PT,1566779445,73,33.08,-16.33,73.4,13.87
530,Pyapon,100,MM,1566779445,90,16.29,95.68,77.48,9.28
531,Manjeshwar,75,IN,1566779445,94,12.72,74.89,73.4,11.79
532,Tura,100,RU,1566779446,79,64.27,100.22,56.78,2.89
533,Qixingtai,70,CN,1566779446,65,30.41,111.89,82.0,5.93
534,Plaridel,63,PH,1566779446,75,13.96,122.02,82.52,2.68
535,Kestel,0,TR,1566779446,100,40.2,29.21,68.0,2.24
536,Fatsa,40,TR,1566779446,94,41.03,37.5,73.4,1.95
537,Guanare,34,VE,1566779446,96,9.04,-69.74,72.62,1.77
538,Hervey Bay,0,AU,1566779446,49,-25.3,152.85,79.0,4.7
539,Chumikan,86,RU,1566779447,78,54.72,135.31,59.48,5.23
540,Kaoma,0,ZM,1566779447,39,-14.8,24.8,56.24,5.3
541,Babu,96,CN,1566779447,88,23.23,104.89,67.04,2.89
542,Savinka,6,RU,1566779447,66,50.08,47.1,61.64,13.49
543,Abeche,99,TD,1566779447,83,13.83,20.83,75.5,10.71
544,Birobidzhan,1,RU,1566779448,75,48.79,132.93,65.96,2.75
545,Santa Rosa,84,AR,1566779448,78,-36.62,-64.29,58.22,6.98
546,Veraval,0,FR,1566779448,93,49.65,0.71,66.99,5.82
547,Erdenet,0,MN,1566779448,71,49.03,104.04,47.06,2.75
548,Saint-Augustin,20,CA,1566779448,72,45.63,-73.98,73.0,3.49
549,Warri,100,NG,1566779164,86,5.52,5.75,76.76,4.5
550,Barabai,59,ID,1566779448,93,-2.59,115.38,75.68,1.88
551,Puerto Colombia,40,CO,1566779449,83,10.99,-74.96,84.2,9.17
552,Ikom,73,NG,1566779449,94,5.96,8.72,71.54,1.72
553,Salvador,40,BR,1566779449,83,-12.98,-38.48,77.0,9.17
554,Ahipara,39,NZ,1566779281,85,-35.17,173.16,58.58,27.85
555,Bahia Honda,2,CU,1566779449,62,22.9,-83.16,86.12,1.54
556,Wainwright,0,CA,1566779449,61,52.84,-110.86,64.16,14.07
557,Lewiston,1,US,1566779450,87,44.1,-70.21,60.8,5.82
558,Ukiah,1,US,1566779290,19,39.15,-123.21,96.8,12.75
